Date,SP Close,DAL Close,AAL Close,BLU Close,CCL Close,NCLH Close,RCL Close,MAR Close,HLT Close,PK Close,XOM Close,CVX Close,BP Close,DIS Close,NFLX Close,CNK Close,PG Close,JNJ Close,NSRGY Close,ZM Close,MSFT Close,LOGM Close,FB Close,TWTR Close,SNAP Close
1/2/2019,2510.030029,50.09,32.48,16.200001,49.849998,42.380001,97.790001,107.459999,70.940002,25.559999,69.690002,110.690002,38.59,108.970001,267.660004,36.889999,91.279999,127.75,80.169998,0,101.120003,81.800003,135.679993,28.809999,5.79
1/3/2019,2447.889893,45.610001,30.059999,15.93,47.369999,40.709999,92.550003,101.739998,67.300003,25.58,68.620003,108.57,38.810001,106.330002,271.200012,37.16,90.639999,125.720001,82.209999,0,97.400002,79.860001,131.740005,27.99,5.68
1/4/2019,2531.939941,47.790001,32.040001,16.549999,50.049999,43.029999,98.760002,107.809998,69.940002,26.27,71.150002,110.82,40.029999,109.610001,297.570007,38.09,92.489998,127.830002,83.589996,0,101.93,81.75,137.949997,29.950001,5.95
1/7/2019,2549.689941,47.849998,32.950001,16.690001,50.639999,43.709999,101.830002,108.010002,70.739998,26.719999,71.519997,112.260002,40.16,110.559998,315.339996,39.209999,92.120003,127.010002,82.709999,0,102.059998,83.510002,138.050003,31.34,6.21
1/8/2019,2574.409912,47.470001,32.419998,16.85,51.900002,45.029999,103.93,109.760002,71.860001,27.950001,72.040001,111.769997,40.029999,111.419998,320.269989,40.040001,92.459999,129.960007,82.970001,0,102.800003,85.989998,142.529999,31.799999,6.4
1/9/2019,2584.959961,48.470001,33.419998,17.23,51.990002,45.740002,104.360001,109.199997,71.040001,28.17,72.419998,113.269997,40.360001,112.669998,319.959991,39.25,90.949997,128.929993,83.739998,0,104.269997,86.040001,144.229996,32.25,6.28
1/10/2019,2596.639893,48.73,32.040001,17.15,52.290001,46.169998,104.900002,110.050003,72.07,28.48,72.050003,113.449997,40.700001,112.800003,324.660004,39.330002,91.169998,129.710007,84.389999,0,103.599998,85.75,144.199997,33.09,6.22
1/11/2019,2596.26001,48.560001,31.799999,17.25,52.400002,46.189999,106.419998,109.419998,71.889999,28.43,71.720001,112.540001,40.240002,112.650002,337.589996,39.650002,91.769997,129.75,84.510002,0,102.800003,86.699997,143.800003,32.869999,6.28
1/14/2019,2582.610107,47.75,31.709999,17.15,52.200001,45.540001,104.970001,108.129997,70.989998,28.25,71.629997,111.720001,40.419998,112.419998,332.940002,39.830002,91.150002,128.279999,84.43,0,102.050003,85.209999,145.389999,32.369999,6.31
1/15/2019,2610.300049,47.830002,32.099998,17.16,52.919998,46.029999,105.620003,110.18,72.5,28.450001,71.669998,112.120003,40.240002,111.760002,354.640015,39.900002,92.010002,129.360001,84.690002,0,105.010002,85.970001,148.949997,33.02,6.54
1/16/2019,2616.100098,47.5,32.84,17.35,52.73,45.849998,105.660004,109.279999,72.040001,28.959999,71.639999,111.400002,40.119999,110.910004,351.390015,39.950001,91.370003,128.039993,84.010002,0,105.379997,87.389999,147.539993,32.470001,5.64
1/17/2019,2635.959961,48.220001,33.580002,17.450001,53.540001,46.790001,107.040001,108.470001,72,28.59,72.129997,111.959999,40.130001,111.010002,353.190002,40.32,90.639999,129.089996,84.519997,0,106.120003,88.709999,148.300003,32.849998,5.74
1/18/2019,2670.709961,48.110001,33.970001,17.6,54.880001,47.529999,109.349998,109.050003,73.080002,28.700001,72.989998,114.370003,40.759998,111.040001,339.100006,40.919998,91.419998,130.690002,84.629997,0,107.709999,89.760002,150.039993,33.27,6.18
1/22/2019,2632.899902,47.099998,32.740002,17.370001,54.52,46.599998,108.629997,107.260002,71.010002,28.16,71.889999,112.339996,40.080002,110.599998,325.160004,39.560001,90.440002,128.800003,84.169998,0,105.68,88.989998,147.570007,32.25,5.93
1/23/2019,2638.699951,47.299999,31.65,17.24,54.27,46.720001,108.309998,108.089996,70.730003,28.040001,71.300003,111.389999,40.119999,111.120003,321.98999,39.919998,94.839996,128.800003,84.650002,0,106.709999,88.879997,144.300003,30.969999,5.99
1/24/2019,2642.330078,47.52,33.66,18.120001,55.02,46.990002,109.75,108.239998,71.059998,28.07,71.400002,113.510002,40.110001,110.550003,326.670013,39.959999,94.300003,127.029999,85.129997,0,106.199997,88.809998,145.830002,31.610001,6.17
1/25/2019,2664.76001,47.689999,34.98,17.709999,55.509998,47.93,111.739998,109.849998,71.760002,28.790001,71.720001,113.220001,40.110001,111.089996,338.049988,39.93,93.599998,128.229996,84.540001,0,107.169998,90.93,149.009995,32.900002,6.4
1/28/2019,2643.850098,48.009998,36.57,18.16,56.400002,48.369999,112.209999,110.529999,72.309998,29.049999,71.239998,112.169998,39.57,110.809998,335.660004,40.09,93.519997,128.990005,85.300003,0,105.080002,91.019997,147.470001,33.130001,6.34
1/29/2019,2640,48.220001,36.290001,18.120001,56.259998,48.720001,112.050003,111.120003,73.150002,29.33,71.510002,111.830002,40.200001,110.900002,328.899994,40.330002,93.540001,130.330002,86.75,0,102.940002,89.550003,144.190002,31.639999,6.43
1/30/2019,2681.050049,50.27,36.34,18.360001,57.43,50.849998,120.980003,113.639999,74.129997,29.75,72.290001,113.010002,40.669998,110.129997,340.660004,40.18,94.519997,131.639999,87.059998,0,106.379997,91.699997,150.419998,32.259998,6.57
1/31/2019,2704.100098,49.43,35.77,17.99,57.580002,51.43,120.050003,114.529999,74.480003,30.07,73.279999,114.650002,41.119999,111.519997,339.5,40.919998,96.470001,133.080002,87.239998,0,104.43,93.019997,166.690002,33.560001,6.68
2/1/2019,2706.530029,49.919998,36.110001,17.91,57.709999,51.470001,118.309998,114.57,74.419998,29.700001,75.919998,118.370003,41.34,111.300003,339.850006,39.200001,97.470001,134.199997,86.660004,0,102.779999,93.75,165.710007,33.189999,6.91
2/4/2019,2724.870117,50.34,36.779999,18,58.18,52.080002,119,115.650002,74.730003,30.17,74.82,119.739998,41.389999,111.800003,351.339996,39.419998,98.029999,132.880005,86.230003,0,105.739998,93.779999,169.25,33.939999,6.93
2/5/2019,2737.699951,50.540001,36.93,17.969999,58.560001,51.810001,118.220001,116.910004,74.620003,30.280001,75.589996,119.480003,42.82,112.660004,355.809998,39.799999,97.440002,132.880005,87.260002,0,107.220001,95.230003,171.160004,34.369999,7.04
2/6/2019,2731.610107,50.52,36.759998,18.139999,58.310001,52.619999,118.150002,117.269997,75.57,29.799999,75.260002,118.879997,43.040001,111.410004,352.190002,38.830002,97.919998,133,86.620003,0,106.029999,95.300003,170.490005,34.16,8.59
2/7/2019,2706.050049,50.41,36.169998,18.1,56.959999,51.349998,115.68,115.519997,74.68,29.860001,74.68,118.230003,42.700001,110.949997,344.709991,38.5,97.139999,132.050003,86.150002,0,105.269997,92.910004,166.380005,30.799999,8.57
2/8/2019,2707.879883,50.470001,36,18.139999,56.630001,51.310001,114.839996,115.480003,73.910004,29.48,73.980003,117.580002,42.490002,111.510002,347.570007,38.59,97.709999,132.399994,86.739998,0,105.669998,93.980003,167.330002,30.01,9.1
2/11/2019,2709.800049,50.610001,36.59,18.26,56.82,51.880001,116.099998,115.650002,74.400002,29.389999,74.099998,116.949997,42.209999,109.440002,345.730011,36.529999,98.269997,132,86.110001,0,105.25,94.209999,165.789993,30.23,8.99
2/12/2019,2744.72998,49.889999,35.75,17.889999,56.57,51.82,116.290001,114.739998,74.32,29.08,75.400002,118.720001,42.419998,109.199997,359.970001,36.450001,99.260002,134.160004,85.790001,0,106.889999,96.029999,165.039993,30.389999,8.8
2/13/2019,2753.030029,50.41,36.209999,18.049999,57.049999,52.540001,117.839996,118.860001,79.370003,29.91,76.25,119.57,42.639999,110.199997,351.769989,36.810001,99.239998,134.449997,85.800003,0,106.809998,96.199997,164.070007,31.120001,9.07
2/14/2019,2745.72998,50.48,36.110001,18.08,57.099998,52.189999,117.220001,118.620003,80.160004,29.82,76.269997,118.160004,41.869999,110.660004,359.070007,37.189999,98.459999,134.309998,87.550003,0,106.900002,95.940002,163.949997,30.959999,9.19
2/15/2019,2775.600098,51.080002,35.049999,17.959999,57.25,53.029999,117.970001,121.050003,81.75,30.27,77.709999,119.349998,42.290001,112.589996,356.869995,37.310001,98.480003,136.380005,88.82,0,108.220001,82.870003,162.5,31.23,9.12
2/19/2019,2779.76001,51.82,35.470001,17.93,58.299999,53.380001,119.360001,122.029999,81.389999,30.01,78.230003,119.309998,42.380001,113.510002,361.920013,36.77,99.989998,135.690002,89.260002,0,108.169998,83,162.289993,31.65,9.28
2/20/2019,2784.699951,51.240002,35.060001,17.559999,58.849998,53.700001,120.830002,126.970001,83.339996,30.85,78.529999,120.279999,42.48,113.68,359.910004,37.16,99.279999,136.350006,90.540001,0,107.150002,82.269997,162.559998,31.370001,9.24
2/21/2019,2774.879883,51.48,34.98,17.49,58.27,55.52,120.970001,127.370003,83.25,31.549999,77.82,119.139999,42.290001,114.290001,356.970001,36.900002,99.779999,135.419998,91.629997,0,109.410004,83.300003,160.039993,30.76,9.39
2/22/2019,2792.669922,51.52,35.490002,17.219999,58.82,55.349998,120.93,128.839996,85.029999,32.029999,78.419998,119.389999,42.459999,115.25,363.019989,38.290001,100.25,136.600006,91.040001,0,110.970001,82.849998,161.889999,31.709999,9.71
2/25/2019,2796.110107,51.41,35.900002,17.25,58.57,55.939999,120.559998,128.479996,83.550003,31.629999,78.5,119.620003,42.509998,113.589996,363.910004,37.889999,99.57,136.199997,91,0,111.589996,82.330002,164.619995,31.99,10.12
2/26/2019,2793.899902,51.119999,36.25,17.18,58.25,55.57,119.660004,128.570007,83.489998,31.360001,78.660004,119.940002,42.52,113.5,364.970001,37.139999,99.830002,136.110001,91.099998,0,112.360001,79.489998,164.130005,31.01,10.08
2/27/2019,2792.379883,50.43,35.689999,16.9,57.68,54.919998,118.459999,126.93,83.489998,30.809999,79.470001,120.080002,42.84,112.779999,362.869995,37.889999,98.910004,135.869995,89.980003,0,112.169998,80.650002,162.809998,30.41,9.81
2/28/2019,2784.48999,49.580002,35.630001,16.700001,57.759998,55.529999,118.480003,125.269997,83.099998,31.24,79.029999,119.580002,42.650002,112.839996,358.100006,37.630001,98.550003,136.639999,90.330002,0,112.029999,79.440002,161.449997,30.780001,9.8
3/1/2019,2803.689941,48.959999,34.639999,16.93,57.84,55.27,119.029999,124.449997,83.779999,31.5,80,122.029999,42.580002,114.010002,357.320007,38.490002,98.440002,138.350006,90.760002,0,112.529999,81.489998,162.279999,30.620001,9.8
3/4/2019,2792.810059,48.790001,33.720001,16.559999,56.560001,54.599998,117.68,123.940002,83.379997,31.780001,80.309998,122.120003,42.639999,114.330002,351.040009,39.189999,98.870003,138.479996,90.949997,0,112.260002,81.800003,167.369995,30.5,9.92
3/5/2019,2789.649902,49.720001,33.23,16.43,57.110001,55.450001,119.410004,125.220001,84.010002,31.530001,80.190002,123.290001,42.740002,114,354.299988,39.240002,99.089996,138.770004,91.629997,0,111.699997,81.610001,171.259995,31.030001,10.08
3/6/2019,2771.449951,49.709999,32.759998,16.42,56.150002,55.119999,117.089996,125.120003,83.959999,31.379999,79.279999,123.529999,42.700001,114.849998,359.609985,39.029999,98.93,139.089996,91.220001,0,111.75,80.040001,172.509995,30.799999,9.87
3/7/2019,2748.929932,49.59,32.220001,16.190001,55.380001,54.66,115.709999,122.220001,82.919998,31,80.160004,121.940002,42.630001,114.010002,352.600006,38.259998,98.550003,138.240005,91.510002,0,110.389999,80.650002,169.130005,30.120001,9.49
3/8/2019,2743.070068,49.59,31.91,16.08,54.970001,55.009998,116.540001,120.699997,82.449997,30.620001,79.010002,121.620003,42.25,113.809998,349.600006,38.919998,98.410004,138.059998,91.940002,0,110.510002,80,169.600006,30.040001,9.48
3/11/2019,2783.300049,51.119999,32.049999,16.51,55.43,55.459999,116.879997,120.25,82.800003,31.200001,79.779999,123.620003,42.330002,114.75,358.859985,39.34,99.580002,138.559998,92.160004,0,112.830002,81.260002,172.070007,30.870001,9.96
3/12/2019,2791.52002,50.669998,30.92,16.5,55.259998,55.349998,116.290001,120.690002,83.410004,30.959999,80,123.900002,42.459999,114.730003,356.269989,39.169998,100.050003,139.179993,92.25,0,113.620003,81.32,171.919998,31.16,9.88
3/13/2019,2810.919922,51.02,31.84,16.83,56.09,55.080002,117.120003,120.190002,83.669998,31.379999,80.709999,124.669998,43.830002,114.089996,361.209991,40.119999,101.18,139.410004,93.050003,0,114.5,81.120003,173.369995,31.299999,10.05
3/14/2019,2808.47998,50.939999,32.130001,16.709999,56.43,55.16,116.449997,119.620003,85,31.469999,80.440002,124.599998,43.950001,114.480003,358.820007,40.119999,101.32,138.020004,94.099998,0,114.589996,81.089996,170.169998,31.030001,11.28
3/15/2019,2822.47998,51.189999,31.43,16.74,56.610001,55.549999,117.18,122.32,85.760002,31.379999,80.150002,125.309998,43.869999,114.959999,361.459991,40.32,102.440002,137.600006,93.5,0,115.910004,81.989998,165.979996,31.219999,11.16
3/18/2019,2832.939941,50.740002,31.379999,16.629999,57.349998,56.16,118.300003,124.959999,86.209999,31.379999,81.080002,125.879997,44.240002,113.120003,363.440002,40.790001,101.510002,137.169998,94.32,0,117.57,81.709999,160.470001,31.08,10.94
3/19/2019,2832.570068,50.959999,31.59,16.620001,57.119999,56.110001,117.440002,125.75,85.699997,31.33,80.870003,125.279999,44.470001,110,358.779999,40.18,101.900002,138.440002,94.459999,0,117.650002,81.169998,161.570007,31.27,10.63
3/20/2019,2824.22998,49.869999,30.959999,16.309999,56.529999,55.869999,116,123.669998,84.919998,31.23,81.32,124.690002,44.529999,109.989998,375.220001,39.939999,101.720001,137.289993,95.099998,0,117.519997,79.839996,165.440002,32.57,10.94
3/21/2019,2854.879883,50.299999,31.450001,16.299999,57.259998,56.5,117.769997,125.059998,85.790001,31.629999,81.790001,125.860001,44.529999,108.660004,377.869995,39.880001,102.489998,138.100006,96.199997,0,120.220001,80.779999,166.080002,32.610001,11.01
3/22/2019,2800.709961,49.759998,30.57,15.93,56.419998,55.619999,115.580002,124.5,84.57,31.1,80.480003,123.089996,43.950001,108.230003,361.01001,39.84,101.660004,136.910004,94.169998,0,117.050003,78.739998,164.339996,33.02,10.73
3/25/2019,2798.360107,49.029999,30.209999,15.67,56.650002,55.169998,114.5,123.660004,84.019997,30.83,79.919998,122.889999,43.529999,107.790001,366.230011,40.52,101.959999,136.610001,94.57,0,117.660004,79.629997,166.289993,32.59,10.72
3/26/2019,2818.459961,49.09,30.209999,15.78,51.709999,54.48,113.110001,123.559998,83.5,31.32,80.959999,124.129997,43.82,110.139999,359.970001,40.389999,103.019997,138.570007,95.739998,0,117.910004,81.379997,167.679993,33.060001,10.76
3/27/2019,2805.370117,49.970001,30.940001,16.139999,50.66,53.939999,110.989998,122.169998,82.449997,31.280001,80.339996,122.790001,43.59,110.279999,353.369995,40.75,102.900002,138.699997,95.599998,0,116.769997,80.809998,165.869995,32.279999,10.64
3/28/2019,2815.439941,50.32,30.9,16.18,50.34,54.330002,112.449997,124.080002,83.209999,31.16,80.739998,123.019997,43.630001,110.709999,354.609985,40.259998,103.550003,138.880005,95.529999,0,116.93,80.519997,165.550003,32.869999,10.79
3/29/2019,2834.399902,51.650002,31.76,16.360001,50.720001,54.959999,114.620003,125.089996,83.110001,31.08,80.800003,123.18,43.720001,111.029999,356.559998,39.990002,104.050003,139.789993,95.32,0,117.940002,80.099998,166.690002,32.880001,11.02
4/1/2019,2867.189941,52.18,32.349998,16.610001,52.189999,56.110001,115.610001,127.449997,84.150002,31.709999,81.730003,124.940002,44.09,112.510002,366.959991,39.990002,103.639999,138.979996,94.709999,0,119.019997,82.120003,168.699997,33.439999,11.36
4/2/2019,2867.23999,55.330002,32.990002,16.809999,52.369999,56.5,116.260002,128.5,85.040001,32.32,81.379997,124.93,44.23,111.959999,367.720001,39.130001,103.75,137.710007,94.910004,0,119.190002,82.629997,174.199997,33.75,11.22
4/3/2019,2873.399902,57,33.709999,16.77,53.189999,56.759998,116.629997,131.589996,86.790001,32.310001,80.900002,123.889999,44.23,112.519997,369.75,39.389999,103.690002,137.169998,95.690002,0,119.970001,83.160004,173.539993,34.380001,11.16
4/4/2019,2879.389893,57.220001,33.93,16.6,53.099998,56.73,115.870003,132.199997,87.309998,32.119999,82.050003,124.800003,44.150002,114.75,367.880005,39.91,103.43,135.570007,95.540001,0,119.360001,83.139999,176.020004,34.419998,11.28
4/5/2019,2892.73999,57.73,34.060001,16.639999,53.07,57.130001,117.269997,134.059998,87.440002,32.209999,82.489998,126.419998,44.529999,115,365.48999,40.02,103.650002,136.179993,95.599998,0,119.889999,83.760002,175.720001,34.720001,11.84
4/8/2019,2895.77002,57.709999,33.880001,16.58,52.509998,57.290001,118.419998,134.910004,88.18,32.18,83,126.68,45.23,114.959999,361.410004,40.709999,104.970001,136.139999,95.629997,0,119.93,84.050003,174.929993,34.860001,12.27
4/9/2019,2878.199951,56.950001,33.310001,16.34,51.900002,55.880001,115.32,132.649994,87.099998,31.309999,81.93,125.540001,44.990002,116.860001,364.709991,40.599998,104.660004,135.570007,96.690002,0,119.279999,83.379997,177.580002,35.139999,12.35
4/10/2019,2888.209961,57.860001,34.02,16.92,52.27,56.5,116.510002,132.75,87.989998,31.93,81.559998,125.489998,45.040001,117.160004,363.920013,40.73,104.650002,135.580002,96.660004,0,120.190002,83.440002,177.820007,34.75,12.02
4/11/2019,2888.320068,58.389999,34.810001,17.139999,52.470001,57.48,118.940002,133.25,88.529999,31.879999,81.949997,125.989998,44.869999,116.599998,367.649994,41.07,104.75,135.210007,96.050003,0,120.330002,83.440002,177.509995,34.580002,11.9
4/12/2019,2907.409912,58.049999,34.689999,17.040001,53.57,58.599998,121.940002,134.649994,88.730003,31.9,80.919998,119.760002,44.669998,130.059998,351.140015,42.18,105.059998,135.979996,95.550003,0,120.949997,80.379997,179.100006,34.369999,11.97
4/15/2019,2905.580078,57.450001,33.75,16.93,53.740002,58.669998,122.459999,134.369995,88.169998,31.59,80.650002,120.139999,44.669998,132.039993,348.869995,41.630001,105.730003,136.520004,94.080002,0,121.050003,81.650002,179.649994,34.709999,11.85
4/16/2019,2907.060059,58.110001,34.029999,16.879999,54.799999,59.560001,124.110001,135.800003,88.150002,31.360001,81.199997,121.169998,44.48,129.899994,359.459991,41.740002,106.419998,138.020004,94.110001,0,120.769997,81.959999,178.869995,34.459999,11.69
4/17/2019,2900.449951,58.43,34.380001,16.98,54.540001,57.84,123.239998,135.929993,87.760002,31.02,81.43,120.269997,44.619999,131.75,354.73999,42.169998,105.849998,138.520004,94.339996,0,121.769997,81.220001,178.779999,34.48,11.75
4/18/2019,2905.030029,58.169998,34.369999,16.959999,53.630001,56.919998,120.989998,134.410004,87.230003,31.1,81.129997,119.860001,44.389999,132.449997,360.350006,42.25,106.050003,137.520004,94.709999,62,123.370003,82.040001,178.279999,34.400002,11.67
4/22/2019,2907.969971,57.75,33.48,16.83,53.07,56.599998,120.410004,135.860001,87.910004,30.6,82.900002,121.900002,45.040001,131.679993,377.339996,40.860001,106.010002,137.830002,94.779999,65.699997,123.760002,83,181.440002,34.389999,11.53
4/23/2019,2933.679932,58.240002,33.970001,17.549999,53.75,57.299999,122.480003,136.279999,87.910004,31.26,83.379997,122.019997,45.02,133.360001,381.890015,41.040001,103.160004,139.899994,95.089996,69,125.440002,83.629997,183.779999,39.77,11.99
4/24/2019,2927.25,57.849998,33.990002,18.190001,53.73,56.98,121.5,135.479996,87.5,31.6,81.760002,118.279999,44.130001,135.100006,374.230011,41.5,103.690002,139.199997,95.279999,63.200001,125.010002,84.199997,182.580002,39.290001,11.26
4/25/2019,2926.169922,56.709999,33.41,18.030001,53.830002,56.799999,120.760002,135.679993,87.629997,31.43,82.220001,117.900002,43.959999,137.240005,368.329987,41,103.279999,139.649994,95.349998,65,129.149994,84.290001,193.259995,38.48,10.79
4/26/2019,2939.879883,57.110001,33.060001,18.120001,54.419998,57.27,121.160004,136.449997,88.010002,31.85,80.489998,117.099998,43.310001,139.919998,374.850006,41.529999,105.860001,140.389999,95.800003,66.220001,129.889999,80.989998,191.490005,38.669998,10.91
4/29/2019,2943.030029,57.73,33.77,18.25,54.43,57.080002,122.279999,135.970001,87.25,31.92,79.970001,117.720001,43.02,139.300003,371.829987,41.82,104.779999,139.839996,95.790001,68.169998,129.770004,82.68,194.779999,39.779999,11.22
4/30/2019,2945.830078,58.290001,34.18,18.549999,54.860001,56.389999,120.940002,136.419998,86.989998,32.080002,80.279999,120.059998,43.73,136.970001,370.540009,42.049999,106.480003,141.199997,96.529999,72.470001,130.600006,82.400002,193.399994,39.91,11.14
5/1/2019,2923.72998,57.18,33.91,18.629999,55.82,58,129.029999,138.860001,92.599998,32.360001,78.669998,117.809998,43.080002,136.380005,378.809998,41.849998,104.93,141.949997,96.120003,72.760002,127.879997,81.029999,193.029999,39.290001,11.2
5/2/2019,2917.52002,57.66,33.950001,18.629999,54.330002,56.900002,125.769997,136.889999,91.230003,32.540001,77.290001,116.379997,42.630001,134.139999,379.059998,41.970001,105.559998,141.279999,95.650002,75.5,126.209999,81.290001,192.529999,39.950001,11.24
5/3/2019,2945.639893,57.799999,34.790001,18.709999,55.18,58.25,130.889999,140.139999,93.330002,32.98,77.470001,117.269997,43.080002,134.330002,385.029999,42.389999,106.080002,142.009995,95.760002,79.18,128.899994,82.190002,195.470001,40.799999,11.8
5/6/2019,2932.469971,57.73,34.75,18.709999,54.849998,58.290001,129.169998,137.75,92.300003,31.860001,77.129997,118.400002,42.93,135,378.670013,42.360001,105.68,142.089996,96.150002,78.239998,128.149994,82.739998,193.880005,40.23,11.77
5/7/2019,2884.050049,57.169998,33.91,18.52,53.68,57.189999,127.279999,135.149994,90.489998,31.190001,76.720001,118.269997,42.220001,133.440002,370.459991,41.610001,104.699997,139.970001,95.309998,73.330002,125.519997,80.449997,189.770004,38.619999,11.17
5/8/2019,2879.419922,56.450001,33.75,18.440001,54.02,57.34,127.32,134.770004,90.699997,30.709999,76.839996,117.5,42.279999,134.990005,364.369995,41,105.07,139.789993,96.639999,77.68,125.510002,80.260002,189.539993,38.580002,10.82
5/9/2019,2870.719971,56.59,33.950001,18.34,53.939999,57.59,127.330002,135.470001,91.139999,30.68,76.769997,121.190002,41.650002,133.589996,362.75,41.25,104.239998,138.729996,96.010002,75.209999,125.5,80.279999,188.649994,38.790001,10.98
5/10/2019,2881.399902,56.619999,33.990002,18.309999,54.34,57.900002,126.07,131.710007,91.529999,30.75,76.559998,121.989998,41.5,134.039993,361.040009,40.799999,106.010002,139.050003,97,79.629997,127.129997,79.720001,188.339996,38.450001,10.49
5/13/2019,2811.870117,54.799999,32.139999,17.610001,52.779999,55.290001,121.889999,126.010002,89.370003,30.15,75.709999,120.440002,41.23,131.339996,345.26001,39.57,106.110001,137.199997,96.809998,72.540001,123.349998,76.830002,181.539993,36.59,10.11
5/14/2019,2834.409912,55.25,32.34,17.969999,53.82,56.299999,123.580002,129.869995,91.739998,30.34,75.809998,121.639999,41.549999,133.199997,345.609985,40.16,105.599998,136.820007,96.620003,73.139999,124.730003,77.330002,180.729996,36.93,10.49
5/15/2019,2850.959961,55.049999,32.16,17.83,53.790001,56.73,123.769997,131.830002,93.650002,30.73,76.370003,122.139999,41.77,134.679993,354.98999,40.299999,106.699997,136.910004,97.900002,79.760002,126.019997,78.269997,186.270004,37.900002,10.66
5/16/2019,2876.320068,55.380001,32.32,17.84,53.93,57.549999,125.720001,132.509995,94.050003,30.860001,76.360001,120.800003,42.279999,135.5,359.309998,40,108.110001,138.210007,99.339996,83.400002,128.929993,78.919998,186.990005,38.299999,11.42
5/17/2019,2859.530029,54.889999,31.74,17.809999,53.68,56.919998,124.879997,130.910004,92.93,30.26,75.910004,120.519997,42.34,135.039993,354.450012,40.200001,107.449997,138.610001,98.800003,89.980003,128.070007,77.209999,185.300003,37.5,11.49
5/20/2019,2840.22998,54.279999,30.959999,17.57,52.380001,55.889999,123.110001,127.860001,91.470001,30.08,75.900002,120.839996,42.580002,133.910004,348.109985,39.23,107.330002,138.419998,98.660004,84.669998,126.220001,75.349998,182.720001,37.150002,11.19
5/21/2019,2864.360107,54.830002,31.299999,17.870001,52.66,56.77,124.690002,129.429993,92.110001,30.559999,76.25,121.339996,42.75,134.089996,354.269989,39.470001,106.370003,138.119995,98.010002,85.440002,126.900002,75.25,184.820007,37.470001,11.54
5/22/2019,2856.27002,54.060001,29.92,17.559999,52.630001,56.810001,124.959999,127.769997,92.019997,29.75,75.559998,120.57,42.34,133.850006,359.730011,39.43,106.720001,138.759995,98.910004,82.43,127.669998,75.660004,185.320007,38.580002,11.31
5/23/2019,2822.23999,54,29.5,17.58,51.619999,55.549999,124.419998,123.910004,90.660004,29.32,73.790001,117.870003,41.34,132.729996,352.209991,38.459999,106.760002,139.789993,98.830002,78.760002,126.18,74.760002,180.869995,37.189999,11.12
5/24/2019,2826.060059,54.119999,29.17,17.469999,51.610001,55.380001,123.68,125,89.910004,29.190001,74.099998,118.709999,41.759998,132.789993,354.390015,38.279999,106.690002,138.850006,99.080002,76.25,126.239998,74.239998,181.059998,37.41,11.56
5/28/2019,2802.389893,53.880001,28.73,17.209999,51.25,55.220001,123.089996,123.699997,89.199997,28.9,72.610001,118.309998,41.48,132.619995,355.059998,38.169998,104.459999,137.070007,97.690002,77.769997,126.160004,73.809998,184.309998,37.290001,11.57
5/29/2019,2783.02002,53.209999,28.41,17.120001,51.599998,54.66,121.809998,124.419998,88.910004,28.209999,72.160004,116.769997,41.27,131.570007,349.190002,37.830002,104.190002,131.330002,97.75,75.769997,124.940002,73.540001,182.190002,36.849998,11.68
5/30/2019,2788.860107,53.029999,28.17,17.360001,51.549999,55.16,122.949997,124.650002,89.660004,28.030001,71.970001,115.379997,41.029999,132.199997,351.850006,37.98,105.330002,132.110001,97.989998,80.419998,125.730003,72.82,183.009995,37.139999,11.99
5/31/2019,2752.060059,51.5,27.23,17.23,51.189999,54.709999,121.760002,124.839996,89.440002,27.620001,70.769997,113.849998,40.720001,132.039993,343.279999,37.990002,102.910004,131.149994,99.160004,79.730003,123.68,71.830002,177.470001,36.439999,11.89
6/3/2019,2744.449951,52.099998,27.200001,17.24,51.119999,54.299999,120.699997,124.360001,88.43,27.549999,71.879997,115.989998,41.040001,132.470001,336.630005,38.27,103.800003,131.440002,101.970001,75.900002,119.839996,69.639999,164.149994,34.43,11.69
6/4/2019,2803.27002,54.310001,29.120001,17.809999,52.279999,54.259998,121.510002,128.179993,90.32,27.700001,73.589996,117.300003,41.360001,134.820007,353.399994,38.279999,104.68,133.729996,100.400002,78.739998,123.160004,72.339996,167.5,36.099998,12.95
6/5/2019,2826.149902,54.939999,30.360001,18.129999,50.889999,52.380001,118.470001,127.550003,90,27.440001,72.980003,117.650002,41.040001,135.940002,355.730011,37.98,106.730003,134.380005,100.949997,78.040001,125.830002,72.18,168.169998,36.330002,12.94
6/6/2019,2843.48999,54.689999,30.379999,17.92,51.16,51.939999,118.639999,128.600006,91,27.26,74.309998,120.68,41.610001,137.210007,357.130005,37.470001,107.379997,136.679993,101.419998,79.43,127.82,71.529999,168.330002,36.59,13.82
6/7/2019,2873.340088,55.07,30.92,18.299999,52.23,52.59,120.970001,132.520004,92.510002,27.469999,74.580002,121.480003,42.139999,138.039993,360.869995,37.220001,108.769997,138.550003,102.459999,94.050003,131.399994,72.050003,173.350006,37.93,13.87
6/10/2019,2886.72998,54.73,30.76,18.25,53.18,53.830002,123.440002,132.75,93.029999,27.879999,74.910004,122.290001,42.080002,137.070007,352.01001,37.5,108.720001,139.020004,102.18,102,132.600006,72.139999,174.820007,37.639999,13.77
6/11/2019,2885.719971,54.880001,30.58,19.09,53.169998,53.59,122.860001,134.520004,93.93,27.67,74.839996,121.169998,42.34,135.080002,351.269989,37.389999,109.379997,139.779999,101.809998,94.870003,132.100006,70.779999,178.100006,37.209999,13.54
6/12/2019,2879.840088,55.450001,31.1,19.24,53.389999,53.84,124.269997,132.699997,93.349998,27.950001,74.029999,120.190002,41.060001,135.720001,345.559998,38,109.68,141.679993,101.940002,102.769997,131.490005,70.800003,175.039993,37.490002,13.75
6/13/2019,2891.639893,56.52,33.09,19.440001,52.849998,53.720001,122.470001,133.619995,93.029999,28.299999,74.68,120.910004,41.220001,141.740005,343.429993,38.25,110.910004,140.710007,101.389999,100.949997,132.320007,69.949997,177.470001,36.34,14.11
6/14/2019,2886.97998,55.990002,32.68,19.35,53.119999,54.279999,124.129997,133.679993,93.419998,28.17,74.349998,120.809998,40.91,141.649994,339.730011,38.139999,111.199997,140.089996,101.709999,100.290001,132.449997,68.910004,181.330002,36.150002,13.96
6/17/2019,2889.669922,55.669998,32.560001,19.389999,52.279999,53.040001,122.209999,132.850006,93.209999,28.360001,75.089996,121.389999,40.439999,140.970001,350.619995,38.310001,110.989998,139.440002,101.75,98.110001,132.850006,69.919998,189.009995,36.439999,13.55
6/18/2019,2917.75,56.029999,32.52,19.26,52.380001,53.75,122.629997,134.960007,95.099998,28.620001,75.739998,122.93,41.080002,139.240005,357.119995,38.200001,109.599998,140.229996,102.220001,99.639999,135.160004,71.010002,188.470001,36.650002,14.86
6/19/2019,2926.459961,56.360001,33.209999,19.049999,52.84,53.91,122.650002,135.679993,95.760002,28.33,75.32,122.889999,41.09,140.919998,363.519989,38.349998,110.419998,140.449997,101.949997,102.389999,135.690002,71.449997,187.479996,36.290001,14.67
6/20/2019,2954.179932,55.970001,32.150002,18.879999,48.799999,52.560001,118.739998,137.190002,96.870003,28.370001,76.610001,124.279999,41.810001,142.020004,365.209991,37.18,111.739998,142.210007,103.830002,102.300003,136.949997,72.57,189.529999,35.439999,14.84
6/21/2019,2950.459961,55.990002,31.57,18.59,46.630001,51.110001,114.839996,137.070007,96.139999,28.209999,77.690002,124.93,42.450001,140.229996,369.209991,36.810001,111.199997,142.089996,103.410004,100.470001,136.970001,71.209999,191.139999,35.02,14.56
6/24/2019,2945.350098,56.07,31.82,18.450001,46,50.830002,117.099998,136.759995,95.510002,27.469999,76.949997,124.910004,42.18,139.220001,371.040009,36.119999,112.330002,143.059998,103.699997,89.410004,137.779999,71.019997,192.600006,35.580002,14.76
6/25/2019,2917.379883,55.919998,31.26,18.309999,45.450001,50.860001,116.040001,133.279999,93.25,27.52,76.269997,123.639999,41.860001,139.940002,360.299988,35.450001,111.720001,144.240005,103.139999,85.029999,133.429993,70.110001,188.839996,34.720001,14.53
6/26/2019,2913.780029,56.380001,31.459999,18.1,45.380001,50.41,116.550003,135.649994,94.519997,27.1,76.599998,123.93,42.080002,140.399994,362.200012,35.25,109.730003,141.850006,102.690002,86.330002,133.929993,72.260002,187.660004,35.220001,14.71
6/27/2019,2924.919922,56.82,32.150002,18.27,45.919998,51.84,119.199997,138.289993,96.529999,27.35,75.82,123.110001,41.619999,139.300003,370.019989,35.23,109.779999,140.690002,102.760002,90.269997,134.149994,73.029999,189.5,34.75,14.58
6/28/2019,2941.76001,56.75,32.610001,18.49,46.549999,53.630001,121.209999,140.289993,97.739998,27.559999,76.629997,124.440002,41.700001,139.639999,367.320007,36.099998,109.650002,139.279999,103.400002,88.790001,133.960007,73.68,193,34.900002,14.3
7/1/2019,2964.330078,57.790001,32.880001,18.6,46.290001,52.82,118.07,141.229996,99.300003,27.280001,76.559998,124.839996,42.080002,141.649994,374.600006,36.119999,110.489998,139.360001,102.139999,86.860001,135.679993,73.809998,193,36.080002,14.35
7/2/2019,2973.01001,58.540001,32.189999,18.790001,46.529999,53.73,119.040001,141.259995,100.389999,27.379999,75.720001,122.93,41.860001,142.529999,375.429993,36.43,111.480003,140.029999,103.82,85.129997,136.580002,73.660004,195,36.220001,14.1
7/3/2019,2995.820068,59.150002,32.720001,19.129999,46.18,52.759998,116.540001,141.75,100.639999,27.889999,76.440002,123.349998,41.360001,142.979996,381.720001,37.400002,114.080002,142.139999,103.839996,90.449997,137.460007,74.779999,197.199997,36.02,14.76
7/5/2019,2990.409912,58.700001,32.459999,19.190001,46.91,51.950001,115.400002,142.009995,100.599998,27.85,76.129997,123.540001,41.029999,142.449997,380.549988,37.16,113.150002,140.570007,103.279999,91.879997,137.059998,75.349998,196.399994,36.25,15.23
7/8/2019,2975.949951,59.369999,32.790001,19.459999,46.419998,50.25,111.889999,141.300003,100.190002,27.629999,76.480003,123.599998,41.080002,141.020004,376.160004,36.93,114.050003,140.970001,103.870003,90.760002,136.960007,74.599998,195.759995,36.450001,15.14
7/9/2019,2979.629883,58.959999,32.360001,18.99,45.919998,50.759998,111.220001,139.520004,99,27.51,76.43,123.349998,40.950001,141.610001,379.929993,37.439999,112.910004,141.410004,103.720001,90.93,136.460007,74.849998,199.210007,37.650002,15.25
7/10/2019,2993.070068,59.470001,32.939999,18.940001,45.509998,49.650002,110.379997,141.570007,99.190002,27.610001,77.510002,125.440002,41.220001,143.539993,381,38.040001,113.75,141.210007,103.82,92.720001,137.850006,74.830002,202.729996,37.470001,15.26
7/11/2019,2999.909912,60.16,33.029999,18.690001,45.830002,49.619999,110.400002,141.899994,100.699997,26.92,77.57,125.43,41.279999,143.559998,379.5,37.580002,114.379997,140.110001,102.940002,91.400002,138.399994,75.410004,201.229996,37.209999,15.57
7/12/2019,3013.77002,61.650002,33.779999,18.870001,46.259998,49.790001,110.139999,142.550003,99.540001,27.120001,77.629997,125.980003,41.209999,144.880005,373.25,38.389999,114.989998,134.300003,102.830002,93.300003,138.899994,76.18,204.869995,37.84,15.61
7/15/2019,3014.300049,61.700001,33.610001,18.73,46.950001,50.360001,112.849998,142.779999,99.199997,26.93,77.080002,125.720001,40.689999,145.059998,366.600006,38.07,115.480003,134.710007,103.699997,99.800003,138.899994,76.540001,203.910004,38.68,15.5
7/16/2019,3004.040039,63.16,34.220001,19.5,46.450001,50.82,114.550003,143.960007,99.879997,26.969999,75.93,124.760002,40.209999,144.300003,365.98999,38.220001,115.889999,132.5,103.239998,97.099998,137.080002,75.279999,203.839996,37.990002,15
7/17/2019,2984.419922,62.25,33.259998,19.08,45.639999,49.400002,111.760002,141.240005,97.769997,26.620001,75.480003,124.139999,39.279999,142.570007,362.440002,37.779999,115.940002,131.860001,104.599998,99.730003,136.270004,75.760002,201.800003,37.700001,14.93
7/18/2019,2995.110107,62.66,33.740002,19.219999,45.490002,49.279999,111,139.800003,97.099998,26.450001,74.839996,124.68,38.84,141.630005,325.209991,36.470001,115.440002,132.070007,105.57,95.190002,136.419998,75.980003,200.779999,37.66,14.55
7/19/2019,2976.610107,60.91,33.080002,18.91,45.09,48.599998,110.150002,137.729996,94.529999,26.34,74.989998,125.040001,39.23,139.850006,315.100006,36.970001,115.010002,130.309998,104.419998,93.379997,136.619995,75.959999,198.360001,36.77,14.02
7/22/2019,2985.030029,61.290001,32.900002,18.959999,45.099998,47.919998,111.629997,136.059998,93.239998,25.85,75.07,125.309998,39.349998,140.839996,310.619995,36.939999,115.300003,128.639999,104.589996,96.669998,138.429993,74.730003,202.320007,37.580002,14.15
7/23/2019,3005.469971,63.09,33.73,19.280001,46.200001,48.450001,113.730003,140.690002,95.120003,26.17,75.370003,125.82,39.470001,141.259995,307.299988,37.279999,113.849998,128.839996,104.629997,97.389999,139.289993,73.580002,202.360001,37.900002,14.83
7/24/2019,3019.560059,63.16,34.59,19.559999,47.119999,49.459999,115.339996,139.789993,95.309998,26.469999,75.360001,126.540001,39.139999,141.289993,317.940002,38.360001,112.599998,129.779999,104.260002,95.940002,140.720001,73.5,204.660004,38.73,17.610001
7/25/2019,3003.669922,62.23,31.67,19.52,46.619999,48.759998,113.040001,140.720001,96.400002,26.34,74.93,125.629997,38.990002,143.210007,326.459991,38.639999,112.769997,131.119995,103.239998,97.110001,140.190002,72.349998,200.710007,38.119999,17.690001
7/26/2019,3025.860107,62.16,31.24,19.379999,47.27,49.040001,113.959999,140.270004,97.209999,26.360001,74.809998,123.720001,38.98,144.649994,335.779999,38.849998,114.730003,130.729996,104.800003,102.199997,141.339996,78.410004,199.75,41.52,17.889999
7/29/2019,3020.969971,62.459999,30.74,19.440001,47.349998,49.099998,115.589996,141.229996,97.400002,26.41,75.339996,124.230003,39.09,146.389999,332.700012,39.32,116,133.020004,106.209999,96.470001,141.029999,77,195.940002,41.5,17.5
7/30/2019,3013.179932,62.630001,30.709999,19.459999,47.380001,48.5,115.989998,140.809998,97.309998,26.860001,75.349998,124.339996,39.990002,144.929993,325.929993,39.610001,120.410004,132.080002,106.32,95.489998,140.350006,77.199997,197.039993,41,16.93
7/31/2019,2980.379883,61.040001,30.51,19.23,47.23,49.439999,116.339996,139.059998,96.550003,26.41,74.360001,123.110001,39.740002,143.009995,322.98999,39.919998,118.040001,130.220001,106.080002,95.510002,136.270004,75.970001,194.229996,42.310001,16.799999
8/1/2019,2953.560059,60.32,29.84,19.129999,46.66,48.57,114.050003,136.869995,95.25,25.51,72.459999,120.739998,39,141.850006,319.5,39.32,116.730003,130.289993,107.120003,95.099998,138.059998,75.169998,192.729996,42.080002,16.68
8/2/2019,2932.050049,60.130001,29.450001,19.030001,45.959999,47.450001,110.730003,135.979996,93.910004,25.09,71.75,120.730003,38.48,141.710007,318.829987,41.099998,116.440002,131.070007,107.139999,93.660004,136.899994,73.610001,189.020004,42.849998,17.030001
8/5/2019,2844.73999,57.82,28.530001,18.889999,45.209999,46.049999,107.690002,130.339996,91.349998,24.309999,70.279999,118.739998,37.66,138.300003,307.630005,39.57,113.080002,130.160004,105.040001,89.690002,132.210007,71.300003,181.729996,40.369999,16.459999
8/6/2019,2881.77002,58.790001,28.360001,19.129999,45.060001,46.919998,107.059998,128.490005,92.559998,24.360001,70.959999,119.379997,37.610001,141.869995,310.100006,39.419998,114.279999,130.770004,105.489998,90.43,134.690002,70.660004,184.509995,41.32,16.290001
8/7/2019,2883.97998,59.240002,28.629999,19.360001,45.419998,47.639999,107.370003,127.82,93.400002,24.309999,70.5,119.099998,37.549999,134.860001,304.290009,38.439999,115.519997,130.210007,107.290001,92.449997,135.279999,70.480003,185.149994,41.73,15.91
8/8/2019,2938.090088,60.029999,29.08,19.690001,46.450001,48.599998,109.739998,130.339996,95.769997,24.969999,72.379997,123.230003,37.18,137.889999,315.899994,39.419998,117.440002,131.679993,108.599998,95.769997,138.889999,72.459999,190.160004,42.07,16.76
8/9/2019,2918.649902,59.529999,28.780001,19.450001,46,49.66,109.25,132.460007,95.580002,24.68,70.839996,122.419998,36.810001,138.520004,308.929993,39.98,116.779999,132.039993,109.790001,94.199997,137.710007,71.660004,187.850006,41.529999,16.98
8/12/2019,2882.699951,58.66,27.639999,19.01,45.549999,49.360001,107.300003,130.009995,93.849998,24.16,69.629997,121.550003,36.669998,135.75,310.829987,38.220001,116.029999,131.929993,109.629997,92.160004,135.789993,70.839996,185.369995,40.48,16.809999
8/13/2019,2926.320068,58.84,27.51,18.780001,45.939999,50.439999,109.029999,132.410004,95.260002,24.09,70.489998,122.389999,37.200001,137.009995,312.279999,38.130001,117.25,133.419998,109.349998,95.449997,138.600006,71.970001,188.449997,41.810001,17
8/14/2019,2840.600098,57.23,26.1,18.25,44.709999,48.91,104.190002,126.849998,92.010002,23.52,67.650002,117.739998,36.259998,132.850006,299.109985,36.700001,115.790001,130.259995,108.610001,92.650002,133.979996,68.639999,179.710007,40.650002,16.360001
8/15/2019,2847.600098,57.110001,25.41,18.02,44.299999,49.110001,103.870003,126.699997,91.610001,23.65,67.25,116.949997,36.049999,133.410004,295.76001,37.130001,117.389999,130.539993,108.849998,90.639999,133.679993,67.599998,182.589996,40.09,15.99
8/16/2019,2888.679932,58.040001,25.790001,18.4,44.93,50.48,105.18,128.820007,93.010002,23.92,68.300003,115.809998,36.290001,135.199997,302.799988,37.869999,119.18,131.360001,110.040001,92.529999,136.130005,68.150002,183.699997,40.580002,15.98
8/19/2019,2923.649902,58.189999,26.1,18.34,45.740002,51.349998,107.760002,130.570007,93.459999,24.18,69.449997,117.309998,36.849998,135.289993,309.380005,37.77,120.239998,132.25,110.949997,93.169998,138.410004,69.300003,186.169998,41.700001,16.16
8/20/2019,2900.51001,57.68,25.83,17.950001,45.349998,50.98,107.629997,130.679993,92.730003,23.91,69.029999,116.129997,36.450001,135.130005,298.98999,37.720001,118.900002,130.600006,110.18,91.410004,137.259995,69.040001,183.809998,42.290001,16.08
8/21/2019,2924.429932,58.009998,26.42,18.01,45.950001,50.900002,107.669998,128.350006,91.620003,23.91,69.720001,117.879997,36.75,135.759995,297.809998,37.529999,119.199997,131.529999,110.519997,93.010002,138.789993,69.650002,183.550003,42.799999,16.139999
8/22/2019,2922.949951,57.959999,26.530001,18.01,45.09,50.5,107.029999,128.119995,92.410004,24.01,69.57,117.730003,36.52,136.080002,296.929993,37.790001,119.419998,131.270004,110.379997,93.879997,137.779999,70.169998,182.039993,42.18,16.08
8/23/2019,2847.110107,56.200001,25.42,17.219999,43.279999,49.720001,102.529999,125.099998,91.080002,23.41,67.489998,115.18,36.209999,131.669998,291.440002,37,117.32,127.730003,109.989998,91.629997,133.389999,69.110001,177.75,41,15.55
8/26/2019,2878.379883,56.279999,25.190001,17.1,43.48,49.48,102.489998,126.230003,91.650002,23.25,67.849998,115.739998,36.299999,134.610001,294.980011,37.610001,119.32,127.800003,110.419998,91.760002,135.449997,68.470001,180.360001,41.439999,16.110001
8/27/2019,2869.159912,56.139999,24.450001,16.549999,43.029999,49.09,101.769997,125.349998,91.129997,23.190001,67.190002,115.830002,36.599998,134.490005,291.029999,37.189999,120.550003,129.639999,110.790001,91.730003,135.740005,67.370003,181.300003,42.139999,15.51
8/28/2019,2887.939941,56.68,25.33,16.75,43.400002,49.57,103.18,125.339996,91.910004,23.35,67.68,116.830002,36.830002,136.550003,291.769989,37.599998,121.400002,128.679993,111.160004,90.160004,135.559998,66.440002,181.759995,41.68,15.55
8/29/2019,2924.580078,57.880001,26.32,17.35,44,50.23,103.379997,125.730003,92.540001,23.469999,68.43,117.519997,36.950001,137.839996,296.779999,37.919998,121.18,128.240005,111.760002,90.870003,138.119995,67.32,185.570007,42.490002,15.78
8/30/2019,2926.459961,57.860001,26.309999,17.32,44.080002,50.75,104.279999,126.059998,92.370003,23.549999,68.480003,117.720001,36.950001,137.259995,293.75,38.16,120.230003,128.360001,112.389999,91.669998,137.860001,66.839996,185.669998,42.650002,15.83
9/3/2019,2906.27002,57.290001,26.51,17.17,43.669998,50.580002,102.849998,124.269997,91.309998,23.32,68.559998,116.269997,36.950001,136.309998,289.290009,38.009998,121.360001,128.740005,112.370003,92.459999,136.039993,65.809998,182.389999,41.959999,15.93
9/4/2019,2937.780029,57.23,27,16.389999,43.889999,51.040001,104.739998,125.690002,92.300003,23.719999,69.290001,117.25,37.310001,137.889999,291.519989,38.779999,123.209999,128.860001,114.349998,93.529999,137.630005,67.010002,187.139999,43.360001,15.8
9/5/2019,2976,58.189999,27.690001,16.52,45.110001,52.310001,106.940002,128.460007,93.470001,24.299999,70.269997,117.639999,37.369999,138.839996,293.25,38.919998,122.760002,128.580002,113.220001,92.690002,140.050003,68.449997,190.899994,45.299999,15.87
9/6/2019,2978.709961,57.98,27.790001,16.67,45.720001,52.119999,108.410004,129.429993,93.739998,24.200001,70.93,118.260002,37.450001,139.550003,290.170013,38.509998,122.870003,128.210007,114.650002,85.410004,139.100006,67.419998,187.490005,45.419998,16.620001
9/9/2019,2978.429932,58.110001,28.440001,17.030001,47.610001,52.939999,110.610001,129.910004,92.529999,25.190001,71.489998,119.389999,37.5,138.830002,294.339996,39.25,122.169998,126.949997,111.709999,78.650002,137.520004,68.059998,188.759995,44.259998,15.31
9/10/2019,2979.389893,58.639999,29.120001,16.76,49.66,54.669998,113.75,131.690002,93.580002,25.290001,72.07,121.849998,37.84,135.789993,287.98999,38.5,119.879997,129.550003,109.5,80.349998,136.080002,70,186.169998,43.25,15.02
9/11/2019,3000.929932,58.779999,29.76,17.32,49.709999,54.599998,113.830002,133.089996,95.18,25.719999,71.93,121.279999,37.799999,136.190002,288.269989,39.169998,121.269997,131.169998,109.75,80.709999,136.119995,70.550003,188.490005,43.25,15.31
9/12/2019,3009.570068,59.439999,29.940001,17.16,49.619999,54.419998,113.269997,132.509995,94.769997,25.34,71.980003,121.419998,37.669998,137.5,288.859985,38.919998,122.769997,130.429993,110.910004,81.529999,137.520004,69.5,187.470001,43.200001,15.77
9/13/2019,3007.389893,60.009998,29.950001,17.389999,50.549999,54.68,114.830002,133.990005,96.050003,26.07,72.639999,121.5,37.869999,138.020004,294.149994,39.360001,122.120003,130.779999,107.150002,78.849998,137.320007,68.839996,187.190002,42.630001,16
9/16/2019,2997.959961,59.07,27.77,16.860001,48.919998,53.34,113.93,130.479996,93.660004,26.110001,73.730003,124.120003,39.349998,135.800003,294.290009,39.380001,119.75,129.539993,105.889999,80.669998,136.330002,69.410004,186.220001,42.759998,15.76
9/17/2019,3005.699951,59.369999,28.639999,17.139999,49.369999,53.959999,114.089996,130.559998,94.860001,25.879999,73.169998,123.889999,38.540001,136.309998,298.600006,38.48,121.160004,129.669998,107.5,84.639999,137.389999,69,188.080002,43.240002,16.83
9/18/2019,3006.72998,59.310001,28.6,17.27,48.84,53.880001,112.989998,130.190002,95.349998,26.02,72.82,124.18,38.59,136.800003,291.559998,38.580002,121.410004,130.410004,107.019997,84.550003,138.520004,68.699997,188.139999,43.240002,16.9
9/19/2019,3006.790039,58.689999,28.299999,17.110001,48.380001,53.77,112.459999,129.550003,95.779999,25.950001,72.330002,123.660004,38.689999,133.300003,286.600006,37.759998,121.900002,130.110001,107.75,84.620003,141.070007,72.25,190.139999,42.93,16.879999
9/20/2019,2992.070068,58.630001,27.99,16.92,48.220001,53.669998,111.68,126.970001,95.220001,26,72.080002,124.32,38.990002,132.270004,270.75,37.919998,122.239998,131.649994,107.650002,82.629997,139.440002,72.540001,189.929993,43.23,17.040001
9/23/2019,2991.780029,58.02,27.5,16.77,47.700001,53.509998,109.550003,125.849998,94.25,26.01,72.129997,124.900002,38.759998,132.460007,265.920013,37.689999,123.220001,131.740005,108.220001,82.620003,139.139999,72.010002,186.820007,43.380001,17.120001
9/24/2019,2966.600098,58,27,16.629999,47.619999,53.110001,108.639999,122.269997,92.220001,25.280001,71.139999,123.739998,38.130001,131.970001,254.589996,38.060001,123.610001,131.550003,109.419998,80.019997,137.380005,70.370003,181.279999,41.419998,17.040001
9/25/2019,2984.870117,58.310001,27.440001,16.860001,48.060001,53.299999,109.660004,123.029999,92.769997,25.040001,71.349998,123.510002,38.169998,133.089996,264.75,38.490002,123.019997,130.990005,107.599998,79.599998,139.360001,71.150002,182.800003,42.5,17.110001
9/26/2019,2977.620117,58.779999,27.190001,16.940001,43.950001,51.259998,106.93,121.669998,92.010002,24.799999,70.970001,120.160004,38.25,131.270004,263.309998,38.700001,124.309998,128.850006,108.580002,79.75,139.539993,70.75,180.110001,42.439999,17
9/27/2019,2961.790039,58.279999,27.01,16.799999,43.580002,51.02,107.029999,120.769997,91.449997,24.879999,71.480003,118.599998,38.259998,129.960007,263.079987,38.349998,124.57,128.600006,108.550003,76.040001,137.729996,69.5,177.100006,41.349998,16.02
9/30/2019,2976.73999,57.599998,26.969999,16.75,43.709999,51.77,108.330002,124.370003,93.110001,24.969999,70.610001,118.599998,37.990002,130.320007,267.619995,38.639999,124.379997,129.380005,108.400002,76.199997,139.029999,70.959999,178.080002,41.200001,15.8
10/1/2019,2940.25,57.009998,26.799999,16.530001,42.490002,50.759998,104.650002,123.400002,92.150002,24.559999,68.949997,116.010002,37.700001,129.550003,269.579987,38.419998,123.849998,129.990005,107.160004,75.809998,137.070007,68.5,175.809998,40.25,15.52
10/2/2019,2887.610107,54.349998,25.370001,16.120001,41.439999,49.139999,103.010002,120.330002,90.940002,24.02,67.150002,112.290001,36.59,129.139999,268.029999,38.279999,121.080002,132,105.559998,73.849998,134.649994,66.650002,174.600006,39.700001,14.8
10/3/2019,2910.629883,52.830002,25.27,16.02,41,48.139999,104.18,119.019997,91.989998,23.91,67.980003,113.150002,36.369999,128.149994,268.149994,38.02,121.739998,131.190002,106.540001,76.830002,136.279999,67.959999,179.380005,40,14.3
10/4/2019,2952.01001,53.810001,25.83,16.360001,41.139999,48.439999,103.309998,120.860001,93.349998,23.91,68.970001,113.849998,36.959999,130.270004,272.790009,37.98,124,133.660004,107.800003,76.529999,138.119995,68.010002,180.449997,40.360001,14.52
10/7/2019,2938.790039,53.360001,25.83,16.610001,40.91,48.560001,102.599998,119.199997,91,23.84,68.019997,113.260002,36.950001,130.899994,274.459991,37.209999,122.839996,133.160004,108.459999,76.989998,137.119995,67.699997,179.679993,40.799999,14.47
10/8/2019,2893.060059,53.200001,26.26,16.549999,40.130001,47.169998,101.029999,117.669998,90.699997,23.440001,66.699997,111.709999,36.849998,128.470001,270.720001,36.669998,120.93,131.839996,107.580002,73.589996,135.669998,66.589996,177.75,39.700001,14.15
10/9/2019,2919.399902,53.919998,27.07,16.75,40.529999,47.209999,101.879997,118.489998,91.5,23.4,67.440002,113.139999,37.169998,129.330002,267.529999,36.34,121.980003,129.220001,108.32,72.860001,138.240005,67.089996,179.850006,39.5,14.21
10/10/2019,2938.129883,53.099998,27.18,16.9,40.950001,48.09,103.610001,118.190002,91.550003,23.48,68.25,114.589996,37.16,129.339996,280.480011,35.880001,121.940002,129.059998,107.639999,71.010002,139.100006,68.150002,180.029999,39.540001,14.08
10/11/2019,2970.27002,52.950001,27.360001,16.85,41.549999,49.16,107.57,121.18,93.43,23.700001,68.980003,116.150002,37.459999,130.020004,282.929993,36.709999,121.089996,131.330002,107,71.349998,139.679993,69.540001,184.190002,40.360001,14.16
10/14/2019,2966.149902,52.990002,27.620001,16.91,42.040001,49.330002,107.959999,120.099998,91.529999,23.35,69.18,116.18,37.419998,129.699997,285.529999,35.799999,120.050003,130.720001,106.040001,70.800003,139.550003,69.949997,183.279999,39.779999,13.76
10/15/2019,2995.679932,53.639999,28.27,17.139999,42.490002,49.610001,109.480003,121.110001,91.660004,23.35,69.419998,116.309998,37.360001,129.759995,284.25,35.349998,117.199997,132.839996,106.18,71.110001,141.570007,70.589996,188.889999,40.279999,14.09
10/16/2019,2989.689941,53.169998,28.049999,16.98,42.389999,49.330002,108.32,121.089996,92.199997,23.059999,68.230003,115.110001,37.209999,130.860001,286.279999,35.720001,117.529999,135.169998,106.290001,67.690002,140.410004,69.510002,189.550003,39.91,13.67
10/17/2019,2997.949951,53.369999,27.93,17.190001,42.439999,49.779999,109.150002,120.57,92.199997,22.67,68.139999,115.349998,37.759998,132.369995,293.350006,36.580002,116.629997,136.169998,105.110001,67.029999,139.690002,69.300003,190.389999,39.610001,13.78
10/18/2019,2986.199951,53.830002,28.219999,16.959999,42.790001,50.209999,111.18,121.050003,91.150002,22.75,67.610001,114.739998,37.48,130.889999,275.299988,36.57,117.470001,127.699997,104.589996,66.080002,137.410004,67.650002,185.850006,38.990002,13.52
10/21/2019,3006.719971,54.580002,28.620001,17.52,43.119999,50.950001,112.07,123,92.389999,23.33,68.739998,116.610001,38.27,130.259995,278.049988,36.209999,119.080002,128.020004,103.290001,65.769997,138.429993,67.489998,189.759995,40.09,14.58
10/22/2019,2995.98999,54.650002,28.26,18.799999,42.549999,49.970001,108.410004,122.050003,90.730003,23.58,69.089996,117.800003,38.509998,132.399994,266.690002,36.59,122.18,129.199997,103.269997,62,136.369995,67.470001,182.339996,38.810001,14
10/23/2019,3004.52002,53.810001,28.290001,18.879999,44,50.689999,109.68,123.489998,95.769997,23.84,69.75,117.980003,39.060001,131.130005,271.269989,36.740002,123,129.899994,103.650002,62.060001,137.240005,67.510002,186.149994,38.830002,13.18
10/24/2019,3010.290039,53.790001,29.41,18.43,43.900002,50.970001,109.120003,124.300003,96.910004,23.700001,69.089996,117.580002,39.209999,130.259995,271.5,36.41,124.790001,127.5,104.959999,64.519997,139.940002,67.690002,186.380005,30.75,13.52
10/25/2019,3022.550049,54.599998,30.860001,18.76,44.57,51.470001,111.370003,126.18,97.690002,23.65,69.25,118.669998,39.349998,130.899994,276.820007,37.09,123.25,128.350006,105.389999,63.450001,140.729996,66.150002,187.889999,30.299999,13.96
10/28/2019,3039.419922,55.169998,31.360001,19.23,44.18,51.889999,112.199997,126.599998,97.190002,23.83,68.639999,118.480003,39.240002,130.529999,281.859985,37.009998,123.480003,129.179993,105.190002,66.559998,144.190002,66.019997,189.399994,30.059999,14.68
10/29/2019,3036.889893,55.380001,30.92,19.469999,44.16,52.619999,113.269997,126.529999,97.309998,23.709999,68.440002,118.129997,37.93,129.479996,281.209991,37.18,123.599998,129.119995,105.639999,65.489998,142.830002,66.959999,189.309998,29.85,14.64
10/30/2019,3046.77002,55.32,30.290001,19.459999,43.209999,51.189999,109.419998,126.440002,97.32,23.610001,67.720001,116.360001,38.459999,129.600006,291.450012,36.639999,124.940002,132.839996,107.029999,70,144.610001,67.519997,188.25,29.860001,14.86
10/31/2019,3037.560059,55.080002,30.059999,19.299999,42.889999,50.759998,108.830002,126.550003,96.959999,23.25,67.57,116.139999,37.91,129.919998,287.410004,36.599998,124.510002,132.039993,107.160004,69.889999,143.369995,65.68,191.649994,29.969999,15.06
11/1/2019,3066.909912,56.02,30.559999,19.48,42.950001,51.330002,111.18,128.080002,96.309998,23.91,69.599998,116.209999,38.700001,132.75,286.809998,36.75,123.870003,131.199997,106.660004,70.389999,143.720001,65.82,193.619995,29.620001,15.18
11/4/2019,3078.27002,56.880001,30.950001,19.440001,44.209999,52.290001,113.279999,130.160004,97.989998,24.33,71.669998,121.57,39.360001,132.919998,292.859985,36.799999,119.07,130.229996,105.550003,70.120003,144.550003,66.919998,194.720001,30.049999,15.35
11/5/2019,3074.620117,57.509998,31.18,19.620001,44.860001,52.490002,113.510002,133.690002,100.150002,24.200001,73.089996,121.940002,39.830002,131.449997,288.029999,36.669998,118.900002,130.419998,104.730003,66.889999,144.460007,70.269997,194.320007,29.809999,14.83
11/6/2019,3076.780029,57.580002,30.959999,19.66,44.369999,52.060001,112.779999,132.580002,99.57,24.15,71.489998,119.900002,39.400002,131.270004,288.589996,36.25,120.32,130.960007,105.580002,66.830002,144.059998,69.779999,191.550003,29.540001,14.41
11/7/2019,3085.179932,57.66,30.889999,19.58,45.049999,52.220001,114.989998,133.059998,98.93,23.35,73.010002,121.889999,39.32,132.960007,289.570007,35.98,119.620003,131.429993,104.43,66.809998,144.259995,69.580002,190.419998,29.049999,14.16
11/8/2019,3093.080078,57.580002,30.76,19.57,45.049999,51.82,114.529999,133.199997,99.089996,23.02,70.769997,120.93,39.189999,137.960007,291.570007,36.310001,119.699997,133,104.480003,69.849998,145.960007,69.889999,190.839996,29.209999,14.19
11/11/2019,3087.01001,57.209999,30.59,19.76,44.68,51.919998,113.940002,131.75,98.129997,22.620001,70.339996,120.809998,39.150002,136.740005,294.179993,36.02,119.330002,131.979996,105.080002,68.389999,146.110001,69.050003,189.610001,29.34,14.39
11/12/2019,3091.840088,57.220001,29.52,19.299999,44.48,51.259998,113.849998,132.529999,98.089996,22.41,69.370003,120.959999,39.130001,138.580002,292.01001,35.459999,119.269997,131.350006,104.489998,68,147.070007,69.400002,194.470001,29.049999,14.38
11/13/2019,3094.040039,56.5,28.66,19.58,44.060001,52.119999,114.790001,133.649994,97.760002,22.51,68.800003,122.279999,39.209999,148.720001,283.109985,34.599998,120.650002,131.270004,106.010002,68.010002,147.309998,69.529999,193.190002,29.08,14.47
11/14/2019,3096.629883,56.549999,28.77,19.57,44.439999,52.41,115.239998,134.550003,98.849998,22.360001,68.5,121.959999,38.98,147.149994,289.619995,34.25,120.5,130.960007,104.760002,67.739998,148.059998,73.209999,193.149994,28.889999,14.37
11/15/2019,3120.459961,56.849998,28.860001,19.620001,44.849998,53.060001,117.889999,135.520004,99.690002,22.620001,69.190002,120.639999,39.209999,144.669998,295.029999,34.119999,120.540001,134.940002,105.279999,70.010002,149.970001,81.010002,195.100006,29.25,13.94
11/18/2019,3122.030029,57.080002,28.6,19.469999,44.700001,53.490002,118.400002,135.679993,100.169998,22.57,68.519997,118.550003,39.060001,147.649994,302.570007,34.130001,121.889999,134.830002,105.300003,70.080002,150.339996,78.18,197.399994,29.49,14.69
11/19/2019,3120.179932,57.07,29.290001,19.360001,44.490002,53.66,118.860001,135.470001,100.209999,22.559999,67.82,116.449997,38.650002,148.380005,302.600006,34.32,121.419998,134.820007,104.720001,69.639999,150.389999,78.980003,199.320007,29.440001,15.16
11/20/2019,3108.459961,55.669998,28.23,19.02,43.669998,52.779999,117,132.710007,99.260002,22.299999,68.029999,117.339996,38.509998,146.929993,305.160004,33.880001,122.290001,135.940002,105.120003,70.989998,149.619995,77.239998,197.509995,29.17,15.31
11/21/2019,3103.540039,55.310001,27.93,18.629999,43.02,53.419998,118.690002,132.979996,99.080002,22.02,69.669998,118.769997,38.59,146.899994,311.690002,33.369999,120.339996,136.440002,103.870003,69.919998,149.479996,77.059998,197.929993,29.790001,15.08
11/22/2019,3110.290039,56.110001,28.68,18.959999,43.68,54.009998,119.129997,136.25,101.220001,22.34,69.370003,118.629997,38.549999,148.289993,310.480011,33.049999,120.290001,138.070007,103.650002,73.160004,149.589996,76.900002,198.820007,30.030001,15.26
11/25/2019,3133.639893,56.349998,28.99,19.200001,44.5,53.970001,119.419998,137.979996,103.089996,22.9,68.910004,118.379997,38.630001,149.690002,315.549988,33.220001,120.510002,137.179993,104.5,74.550003,151.229996,77.739998,199.789993,30.540001,15.5
11/26/2019,3140.52002,57.459999,29.049999,19.32,44.68,53.93,119.739998,140.080002,105.32,23.280001,68.739998,117.790001,38.119999,151.639999,312.48999,33.110001,122.260002,137.169998,104.360001,75.160004,152.029999,78.190002,198.970001,30.959999,15.46
11/27/2019,3153.629883,57.07,28.950001,19.26,45.220001,54.639999,121.300003,141.339996,106.370003,23.889999,68.699997,118.07,37.759998,151.479996,315.929993,33.959999,121.760002,137.75,104.379997,74.080002,152.320007,78.620003,202,31.17,15.35
11/29/2019,3140.97998,57.310001,28.74,19.27,45.080002,53.639999,120.019997,140.360001,105,23.65,68.129997,117.129997,37.419998,151.580002,314.660004,33.869999,122.059998,137.490005,103.940002,74.5,151.380005,77.980003,201.639999,30.91,15.25
12/2/2019,3113.870117,56.75,28.08,19.200001,44.490002,53.150002,119.150002,140.429993,104.75,23.75,68.419998,116.800003,37.310001,150.619995,309.98999,34.290001,122.720001,137.360001,103.669998,68.93,149.550003,77.379997,199.699997,30.42,14.6
12/3/2019,3093.199951,55.619999,27.290001,18.799999,43.540001,52.860001,118.849998,138.559998,103.949997,23.879999,67.879997,115.889999,36.82,148.580002,306.160004,34.009998,122.949997,137.160004,103.260002,70.019997,149.309998,79.800003,198.820007,29.969999,14.92
12/4/2019,3112.76001,56.060001,27.379999,19.32,43.880001,53.610001,120.099998,139.259995,104.18,23.620001,68.650002,116.940002,37.060001,148.279999,304.320007,33.880001,124.529999,139.380005,103.690002,69.959999,149.850006,74.339996,198.710007,30,15
12/5/2019,3117.429932,55.880001,27.24,19.139999,44.200001,54.25,121,140.300003,104.910004,23.68,68.410004,116.330002,36.650002,147.440002,302.859985,34.189999,124.620003,139.559998,103.839996,69.669998,149.929993,73.639999,199.360001,30.040001,14.68
12/6/2019,3145.909912,56.139999,27.73,19.02,44.77,54.709999,122.07,142.289993,105.470001,24.41,69.510002,118.010002,37.09,147.660004,307.350006,34.220001,124.190002,140.380005,104.790001,62.740002,151.75,74.040001,201.050003,30.190001,14.74
12/9/2019,3135.959961,55.799999,27.49,18.93,45.41,54.860001,121.82,141.350006,104.75,24.48,69.660004,117.300003,37.099998,146.210007,302.5,34.330002,124.870003,140.5,104.970001,65.940002,151.360001,74.169998,201.339996,30.209999,14.23
12/10/2019,3132.52002,55.529999,27,18.9,45.32,54.779999,121.589996,140.570007,104.699997,24.41,69.059998,117.889999,37.009998,146.100006,293.119995,34.150002,124.269997,139.990005,104.300003,64.57,151.130005,74.040001,200.869995,29.84,14.09
12/11/2019,3141.629883,55.080002,26.860001,18.73,45.790001,55.41,123.32,142.75,105.699997,24.360001,68.959999,116.230003,36.560001,147.589996,298.929993,34.119999,124.660004,140.979996,104.730003,63.52,151.699997,79.830002,202.259995,30.549999,14.23
12/12/2019,3168.570068,56.689999,27.719999,18.92,46.900002,56.130001,124.989998,145.100006,106.519997,24.5,70.339996,118.809998,36.959999,147.759995,298.440002,34.709999,124.57,141.339996,104.489998,62.490002,153.240005,80.809998,196.75,30.299999,14.45
12/13/2019,3168.800049,56.73,27.48,18.58,47.450001,55.779999,125.639999,146.160004,107.199997,24.73,69.230003,117.959999,36.939999,146.380005,298.5,34.400002,125.470001,141.380005,104.690002,63.540001,154.529999,82.5,194.110001,30.389999,15.09
12/16/2019,3191.449951,58.419998,27.92,18.700001,46.990002,55.220001,126.199997,147.899994,108.480003,24.940001,70,119.360001,37.439999,148.460007,304.209991,34.810001,125.559998,141.789993,105.910004,66.349998,155.529999,82.410004,197.919998,30.969999,15.11
12/17/2019,3192.52002,58.689999,28.280001,18.969999,47.200001,55.27,127.050003,148.910004,108.800003,25.040001,69.68,118.599998,37.59,147.729996,315.480011,35.130001,125.309998,143.559998,105.370003,66.169998,154.690002,85.949997,198.389999,30.700001,15.1
12/18/2019,3191.139893,58.580002,28,18.790001,46.580002,54.830002,127.589996,149.550003,109.25,25.68,69.870003,118.550003,37.650002,146.259995,320.799988,35.490002,124.010002,143.190002,106.050003,67.599998,154.369995,86.099998,202.5,31.68,15.11
12/19/2019,3205.370117,59.139999,28.549999,18.889999,46.650002,55.34,126.849998,150.039993,110.339996,25.85,69.389999,118.129997,37.650002,146.149994,332.220001,35.23,124.919998,145.350006,106.540001,68.18,155.710007,86.480003,206.059998,32.029999,15.46
12/20/2019,3221.219971,58.970001,29.040001,19.209999,50.209999,57.560001,131.080002,150.800003,111.419998,26.049999,69.940002,119.68,37.849998,146.880005,336.899994,34.860001,125.360001,146.059998,108.089996,66.93,157.410004,86.169998,206.300003,32.130001,15.55
12/23/2019,3224.01001,59.439999,29.299999,19.200001,51.259998,58.509998,133.399994,151.240005,111.279999,26.120001,70.290001,120.330002,38.110001,144.679993,333.100006,33.779999,124.900002,146.440002,108.800003,66.150002,157.410004,86.330002,206.179993,32.43,15.49
12/24/2019,3223.379883,59.389999,29.18,19.120001,50.939999,58.380001,132.960007,151.5,111.370003,26.1,70.019997,120.339996,38.040001,145.289993,333.200012,34,125.220001,145.929993,108.589996,66.459999,157.380005,86.150002,205.119995,32.5,15.61
12/26/2019,3239.909912,59.560001,29.67,19.1,51.330002,59.110001,134.169998,153.130005,111.940002,26.459999,70.129997,120.599998,37.98,145.699997,332.630005,33.98,125.220001,145.830002,108.709999,67.449997,158.669998,86.099998,207.789993,32.630001,15.97
12/27/2019,3240.02002,59.080002,28.440001,18.889999,51.330002,59.110001,133.330002,152.729996,112.389999,26.42,69.889999,120.300003,37.860001,145.75,329.089996,33.990002,126.089996,145.75,108.980003,66.639999,158.960007,86.019997,208.100006,32.549999,16.030001
12/30/2019,3221.290039,58.66,28.299999,18.709999,51.02,58.59,133.350006,151.869995,111.370003,25.85,69.480003,119.849998,37.599998,143.770004,323.309998,34.009998,124.470001,145.300003,107.849998,66.790001,157.589996,85.779999,204.410004,32.029999,15.89
12/31/2019,3230.780029,58.48,28.68,18.719999,50.830002,58.41,133.509995,151.429993,110.910004,25.870001,69.779999,120.510002,37.740002,144.630005,323.570007,33.849998,124.900002,145.869995,108.260002,68.040001,157.699997,85.739998,205.25,32.049999,16.33
1/2/2020,3257.850098,59.040001,29.09,18.889999,51.310001,58.830002,134.649994,151.490005,111.449997,25.25,70.900002,121.43,38.139999,148.199997,329.809998,34.07,123.410004,145.970001,108.099998,68.720001,160.619995,85.669998,209.779999,32.299999,16.780001
1/3/2020,3234.850098,58.060001,27.65,18.57,49.889999,57.599998,133.490005,149.270004,109.989998,25.309999,70.330002,121.010002,38.830002,146.5,325.899994,33.919998,122.580002,144.279999,109.110001,67.279999,158.619995,85.559998,208.669998,31.52,16.75
1/6/2020,3246.280029,57.66,27.32,18.48,48.380001,56.799999,131.630005,147.339996,109.419998,24.74,70.870003,120.599998,39.849998,145.649994,335.829987,33.939999,122.75,144.100006,109.989998,70.32,159.029999,86.050003,212.600006,31.639999,16.780001
1/7/2020,3237.179932,57.610001,27.219999,18.41,48.529999,56.970001,130.440002,144.940002,108.290001,24.33,70.290001,119.059998,39.43,145.699997,330.75,33.889999,121.989998,144.979996,107.940002,71.900002,157.580002,86.099998,213.059998,32.540001,17.030001
1/8/2020,3253.050049,58.849998,27.84,18.5,48.759998,57.57,132.220001,146.729996,109.209999,24.42,69.230003,117.699997,38.830002,145.399994,339.26001,32.110001,122.510002,144.960007,106.370003,72.550003,160.089996,85.989998,215.220001,33.049999,16.67
1/9/2020,3274.699951,58.959999,27.950001,18.709999,49.200001,58.060001,133.919998,146.449997,109.089996,23.790001,69.760002,117.510002,38.959999,144.830002,335.660004,31,123.849998,145.389999,105.910004,72.620003,162.089996,85.889999,218.300003,33.220001,17.360001
1/10/2020,3265.350098,59.240002,27.32,18.709999,48.849998,57.959999,133.190002,145.389999,108.599998,23.799999,69.139999,116.440002,38.740002,144.619995,329.049988,31.129999,123.970001,145.059998,105.489998,73.089996,161.339996,86.019997,218.059998,32.779999,17.41
1/13/2020,3288.129883,59.490002,27.389999,18.6,49.360001,57.84,133.110001,146.800003,109.290001,24.200001,69.800003,116.660004,38.799999,143.880005,338.920013,31.41,124.879997,145.699997,106.68,74.029999,163.279999,86.120003,221.910004,32.689999,18
1/14/2020,3283.149902,61.450001,27.530001,18.52,50.209999,57.900002,132.949997,147.149994,109.089996,24.17,69.199997,116.300003,38.82,145.199997,338.690002,31.629999,124.690002,146.520004,106.589996,73.160004,162.130005,86.089996,219.059998,32.82,17.99
1/15/2020,3289.290039,61.619999,27.58,18.700001,50.439999,57.540001,132.619995,147.300003,109.629997,24.559999,69.089996,116.129997,38.709999,144.320007,339.070007,32.200001,125.959999,147.009995,107.440002,76.940002,163.179993,85.879997,221.149994,33.23,18.190001
1/16/2020,3316.810059,61.880001,28.23,19,51.349998,58.580002,134.050003,149.020004,111.599998,24.860001,68.82,116.889999,38.84,145.119995,338.619995,32.360001,126.07,148.199997,108.769997,76.110001,166.169998,86.150002,221.770004,34.189999,18.25
1/17/2020,3329.620117,62.029999,28.4,19.209999,51.900002,59.650002,135.050003,150.259995,113.919998,24.77,68.559998,115.580002,38.77,144.330002,339.670013,32.43,126.410004,149.169998,110.129997,75.559998,167.100006,86.550003,222.139999,34.220001,19.110001
1/21/2020,3320.790039,60.34,27.200001,19.049999,50.689999,57.950001,129.679993,144.369995,110.620003,24.4,67.580002,113.309998,38.32,143.559998,338.109985,32.009998,126.089996,149.270004,112,76.730003,166.5,86.349998,221.440002,34.09,19
1/22/2020,3321.75,59.639999,27.32,19.790001,49.880001,57.630001,129.130005,144.119995,110.849998,24.379999,67.190002,112.900002,37.880001,144.009995,326,32.360001,126.309998,148.25,112.400002,75.540001,165.699997,86.099998,221.320007,34.02,19.1
1/23/2020,3325.540039,60.27,28.799999,21.07,49.450001,58.220001,129.589996,144.960007,110.959999,24.18,66.769997,113.099998,38.200001,142.199997,349.600006,32.299999,124.989998,148.529999,111.699997,74.470001,166.720001,86.290001,219.759995,33.889999,19.25
1/24/2020,3295.469971,58.810001,27.639999,20.65,47.52,55.84,126.510002,141.020004,108.489998,23.5,66.32,111.849998,38.130001,140.080002,353.160004,32.220001,125.139999,148.320007,111.860001,73,165.039993,86.300003,217.940002,33.189999,19.049999
1/27/2020,3243.629883,56.830002,26.110001,20.040001,45.27,54.16,116.910004,138,104.940002,22.99,64.739998,110.389999,37.439999,135.899994,342.880005,31.879999,125.690002,148.75,111.050003,70.440002,162.279999,86.199997,214.869995,32.779999,18.620001
1/28/2020,3276.23999,57.48,26.9,20.27,46.5,55,120.43,141.25,107.860001,22.99,64.650002,111.120003,37.41,138.369995,348.519989,32.52,126.029999,149.5,111.720001,71.510002,165.460007,86.269997,217.789993,33.419998,18.99
1/29/2020,3273.399902,56.650002,26.799999,19.940001,46.5,56.02,121.639999,142.610001,110.010002,22.77,64.110001,110.370003,37.169998,136.059998,343.160004,32.43,125.059998,150.539993,111.440002,73.580002,168.039993,86.230003,223.229996,33.630001,19.139999
1/30/2020,3283.659912,57.099998,27.719999,20.200001,44.75,54.799999,119.699997,143.309998,109.07,22.59,64.790001,111.400002,37.029999,137.809998,347.73999,32.509998,125.949997,150.360001,111.669998,74.540001,172.779999,86.099998,209.529999,33.220001,18.879999
1/31/2020,3225.52002,55.740002,26.84,19.83,43.529999,53.849998,117.080002,140.059998,107.800003,21.940001,62.119999,107.139999,36.130001,138.309998,345.089996,31.51,124.620003,148.869995,110.260002,76.300003,170.229996,85.970001,201.910004,32.48,18.379999
2/3/2020,3248.919922,56.040001,27.16,20.02,42.75,54.189999,116.449997,141.479996,107.849998,22.209999,60.73,106.279999,35.23,141.320007,358,31.08,125.110001,150.169998,110.489998,87.660004,174.380005,85.519997,204.190002,33.07,18.23
2/4/2020,3297.590088,57.93,28.43,20.42,43.560001,54.75,118,147.399994,110.940002,22.99,59.970001,106.849998,36.5,144.729996,369.01001,31.190001,125.660004,151.600006,111.279999,85.790001,180.119995,85.489998,209.830002,33.959999,18.98
2/5/2020,3334.689941,58.889999,29.1,20.690001,44.139999,55.110001,118.260002,147.710007,113.260002,23.32,62.73,110.279999,37.669998,141.369995,369.670013,32.18,126.809998,153.990005,112.07,86.989998,179.899994,85.589996,210.110001,33.389999,16.190001
2/6/2020,3345.780029,58.18,28.299999,20.08,43.779999,55.099998,116.669998,146.220001,112.699997,23.530001,61.880001,109.489998,36.880001,142.699997,366.950012,31.65,127.139999,153.529999,111.940002,87.260002,183.630005,85.519997,210.850006,38.41,17
2/7/2020,3327.709961,57.919998,28.379999,19.940001,42.200001,52.810001,111.550003,144.070007,110.839996,23.34,61.470001,108.940002,36.369999,141.020004,366.769989,31.5,126.080002,151.889999,111.540001,88.639999,183.889999,85.57,212.330002,37.029999,17.129999
2/10/2020,3352.090088,57.709999,28.790001,20.02,41.779999,51,109.699997,145.729996,111.370003,23.440001,59.959999,109.790001,36.189999,142.589996,371.070007,31.57,126.169998,151.860001,111.830002,89.669998,188.699997,85.5,213.059998,35.959999,17.6
2/11/2020,3357.75,58.66,29.84,20.51,42.950001,52.490002,113.059998,147.190002,112.940002,23.790001,60.529999,111.209999,36.549999,141.009995,373.690002,31.540001,124.160004,151.990005,110.650002,88.68,184.440002,85.470001,207.190002,35.650002,17.610001
2/12/2020,3379.449951,59.470001,30.469999,21.129999,44.060001,54.209999,117.230003,150.779999,113.699997,23.969999,61.27,112.040001,37.169998,141.850006,380.01001,31.34,123.449997,151.089996,109.269997,88.279999,184.710007,85.550003,210.759995,36.790001,17.4
2/13/2020,3373.939941,59.130001,30.09,21.559999,43.200001,53.43,113.620003,146.720001,112.959999,23.620001,60.93,111.660004,36.18,140.899994,381.399994,31.02,124.959999,150.089996,107.239998,89.860001,183.710007,85.43,213.139999,37.16,17.59
2/14/2020,3380.159912,58.900002,29.200001,21.27,42.599998,52.459999,113.160004,144.899994,113.230003,23.629999,60.650002,110.080002,36,139.539993,380.399994,30.77,126.139999,150.130005,109.480003,90.949997,185.350006,85.470001,214.179993,36.91,17.559999
2/18/2020,3370.290039,58.720001,28.629999,21.299999,42.919998,51.689999,111.410004,144.940002,111.93,23.35,59.880001,110.239998,36.09,139.139999,387.779999,31.709999,124.870003,149.139999,109.970001,96.389999,187.229996,85.470001,217.800003,38.060001,17.17
2/19/2020,3386.149902,58.509998,28.33,20.809999,43.34,52.02,111.010002,147.630005,112.669998,22.93,60.34,110.739998,36.25,141.300003,386.190002,32.119999,125.440002,148.940002,111.199997,103.93,187.279999,85.400002,217.490005,38.77,17.200001
2/20/2020,3373.22998,58.380001,28.51,20.83,42.5,48.509998,109.800003,146.839996,112,23.35,59.860001,109.809998,35.98,140.369995,386,32.669998,126.580002,148.369995,111.559998,105.290001,184.419998,85.400002,214.580002,39.049999,16.92
2/21/2020,3337.75,57.869999,27.82,20.610001,41.689999,46.970001,106.110001,143.240005,109.57,23.690001,59.130001,109.010002,35.360001,138.970001,380.070007,29.139999,126.699997,149.929993,111.089996,101.760002,178.589996,85.400002,210.179993,38.310001,16.700001
2/24/2020,3225.889893,54.23,25.450001,19.379999,37.759998,42.580002,96.610001,134.830002,104.019997,22.35,56.360001,104.709999,34.060001,133.009995,368.700012,28.690001,123.300003,145.910004,107.57,105.010002,170.889999,85.190002,200.720001,35.889999,16.15
2/25/2020,3128.209961,50.889999,23.120001,18.25,35.84,39.310001,89.550003,124.080002,98.879997,20.77,54.200001,100.709999,32.93,128.190002,360.089996,27,121.43,144.649994,106.43,107.080002,168.070007,85.209999,196.770004,35.209999,15.89
2/26/2020,3116.389893,49.59,22.309999,17.120001,33.139999,36.209999,82.339996,120.190002,97.900002,19.59,53.009998,98.040001,32.68,123.360001,379.23999,25.48,120.160004,143.679993,106.139999,106.879997,170.169998,85.010002,197.199997,34.630001,15.67
2/27/2020,2978.76001,48.189999,20.6,16.27,31.85,34.740002,77,119.639999,95.830002,18.91,49.82,94.129997,31.530001,118.040001,371.709991,25.17,113.5,139.119995,103.32,113.550003,158.179993,85.010002,189.75,33.009998,14.66
2/28/2020,2954.219971,46.130001,19.049999,15.78,33.459999,37.259998,80.410004,124,97.199997,18.26,51.439999,93.339996,31.290001,117.650002,369.029999,25.959999,113.230003,134.479996,102.910004,105,162.009995,85.239998,192.470001,33.200001,14.17
3/2/2020,3090.22998,47.16,18.860001,15.57,33.060001,35.59,80.559998,122.959999,96.459999,18.83,53.880001,96.589996,32.23,119.980003,381.049988,24.74,119.559998,140.020004,105.730003,113.110001,172.789993,85.059998,196.440002,35.82,14.39
3/3/2020,3003.370117,46.18,17.85,15.01,31.83,33.619999,78.190002,114.279999,93.330002,18.059999,51.299999,94.389999,31.92,116.449997,368.769989,24.15,118.169998,135.589996,107.849998,117.470001,164.509995,84.730003,185.889999,34.93,13.55
3/4/2020,3130.120117,48.5,18.530001,15.54,32.459999,33,79.360001,118.330002,98.389999,17.950001,52.419998,98.529999,33.139999,119.18,383.790009,24.190001,124.5,143.479996,112.029999,116.800003,170.550003,85.150002,191.759995,36,13.63
3/5/2020,3023.939941,45.009998,16.040001,13.86,27.870001,28.59,65.779999,110.220001,91.5,16.48,50.110001,97.190002,32.599998,113.980003,372.779999,23.08,121.629997,142.009995,110.32,125,166.270004,84.790001,185.169998,34.970001,13.85
3/6/2020,2972.370117,45.889999,15.97,13.88,27.15,27.1,65.010002,110.660004,90.449997,16.280001,47.689999,95.32,31.25,115.269997,368.970001,23.58,121.660004,142.029999,107.889999,114.32,161.570007,84.220001,181.089996,33.459999,13
3/9/2020,2746.560059,43.52,14.75,13.4,21.74,19.809999,48.27,104.190002,86.18,13.61,41.860001,80.669998,25.280001,104.349998,346.48999,21.01,116.059998,136.440002,103.449997,113.75,150.619995,82.010002,169.5,32.459999,11.45
3/10/2020,2882.22998,45.470001,17,14.58,24.02,20.5,51.669998,109.980003,90.32,14.16,43.41,84.980003,26.790001,111.459999,364.130005,22.01,120.550003,141.639999,106.120003,108.489998,160.919998,84.379997,178.190002,34.310001,11.99
3/11/2020,2741.379883,42.669998,16.26,13.57,21.75,15.03,44.369999,100.110001,81.089996,11.98,41.98,83.029999,24.66,105.510002,349.920013,19.49,111.589996,131.800003,101.43,110.300003,153.630005,83.349998,170.240005,31.299999,10.81
3/12/2020,2480.639893,33.709999,13.45,11.49,14.97,9.65,30.27,93.709999,76.720001,8.68,37.18,76.260002,21.57,91.809998,315.25,14.68,101.839996,125.410004,93.129997,109.470001,139.059998,80.5,154.470001,26.780001,10.42
3/13/2020,2711.02002,38.360001,14.31,11.18,17.58,11.1,32.330002,95.610001,78.629997,9.31,38.119999,83.419998,22.17,102.519997,336.299988,14.7,114.07,134.289993,97.419998,107.470001,158.830002,81.230003,170.279999,29.290001,11.35
3/16/2020,2386.129883,35.810001,15.92,10.61,14.57,10.94,29.940001,86.419998,69.540001,6.89,34.490002,69.699997,18.84,95.010002,298.839996,10.13,108.5,127.129997,92.419998,107.860001,135.419998,71.519997,146.009995,24.040001,9.06
3/17/2020,2529.189941,31.74,15.58,9.52,12.71,10.03,27.66,75.239998,64.830002,6.11,36.810001,70.690002,18.84,93.529999,319.75,6.96,118.239998,136.589996,97.849998,111.099998,146.570007,78.5,149.419998,24.48,8.91
3/18/2020,2398.100098,23.49,11.65,7.66,9.3,7.77,22.33,63.810001,56.68,4.92,33.119999,55.049999,16.110001,88.800003,315.470001,6.58,117.449997,134.960007,96.379997,118.709999,140.399994,78.150002,146.960007,22,8.37
3/19/2020,2409.389893,21.51,10.29,7.6,10,8.23,22.41,66.800003,58.029999,6.09,34.43,57.389999,17,94.93,332.029999,11.39,110.830002,127.050003,99.43,123.769997,142.710007,79.349998,153.130005,24.129999,9.47
3/20/2020,2304.919922,21.35,10.38,7.15,12,8.72,23.809999,74.580002,61.599998,6.7,32.740002,59.389999,17.389999,85.980003,332.829987,11.42,102.43,119.889999,96.260002,130.550003,137.350006,79.940002,149.729996,23.950001,10.09
3/23/2020,2237.399902,22.219999,10.25,6.86,12,9.67,28.190001,70.129997,63.330002,6.74,31.450001,54.220001,18.190001,85.760002,360.269989,12.29,97.699997,111.139999,92.949997,159.559998,135.979996,78.760002,148.100006,24.690001,10.65
3/24/2020,2447.330078,26.889999,13.92,9.4,13.68,13.75,34.470001,79.139999,69.389999,7.57,35.439999,66.550003,22.120001,98.120003,357.320007,11.58,103.269997,119.18,95.010002,135.179993,148.339996,80.910004,160.979996,25.85,11
3/25/2020,2475.560059,31.1,15.39,11.34,15.55,16.959999,42.41,85.25,72.25,8.96,37.290001,69.269997,24.290001,100.730003,342.390015,11.63,100.919998,119.400002,98.230003,138.110001,146.919998,80.75,156.210007,25.969999,11.23
3/26/2020,2630.070068,31.700001,15.66,10.93,17.82,15.71,40.610001,82.809998,73.199997,9.93,38.82,76.379997,24.42,105.360001,362.98999,12.68,107.379997,126.57,102.5,141.149994,156.110001,82.339996,163.339996,26.41,11.95
3/27/2020,2541.469971,29.549999,14.04,9.75,14.41,12.02,34.5,78.849998,69.150002,8.79,36.950001,68.779999,22.35,96.400002,357.119995,12.3,110.169998,123.160004,102.440002,151.699997,149.699997,83.589996,156.789993,25.290001,12.18
3/30/2020,2626.649902,28.67,12.25,8.79,12.8,10.68,29.77,76.160004,68.68,8.19,37.5,71.949997,23.92,99.800003,370.959991,10.1,115,133.009995,104.540001,150.880005,160.229996,84.550003,165.949997,25.59,11.85
3/31/2020,2584.590088,28.530001,12.19,8.95,13.17,10.96,32.169998,74.809998,68.239998,7.91,37.970001,72.459999,24.389999,96.599998,375.5,10.19,110,131.130005,102.989998,146.119995,157.710007,83.279999,166.800003,24.559999,11.89
4/1/2020,2470.5,23.870001,10.69,8.11,8.8,9.55,25.77,69.150002,63.040001,7.35,37.529999,68.559998,24.370001,94.919998,364.079987,8.03,109.330002,128.809998,102.160004,137,152.110001,82.900002,159.600006,23.32,11.21
4/2/2020,2526.899902,22.68,10.06,7.63,7.97,8.4,24.82,63,57.860001,6.5,40.400002,76.120003,26.030001,96.970001,370.079987,8.41,114.400002,133.149994,104.540001,121.93,155.259995,83.459999,158.190002,23.02,11.27
4/3/2020,2488.649902,22.48,9.39,7.48,8.49,8.46,24.389999,59.080002,55.939999,6.04,39.209999,75.110001,24.719999,93.879997,361.76001,8.39,115.080002,134.169998,104.760002,128.199997,153.830002,82.970001,154.179993,23.09,11.06
